"Location","xstd","ystd","x","y"
"A",-2.2,4,705.676716283227,-4746.2691031353
"B",2.4,2.4,710.276716283227,-4747.8691031353
"C",0.6,1.4,708.476716283227,-4748.8691031353
"D",-0.8,0.6,707.076716283227,-4749.6691031353
"E",-2.4,0.6,705.476716283227,-4749.6691031353
"F",-3,-2.4,704.876716283227,-4752.6691031353
"G",-0.8,-1.6,707.076716283227,-4751.8691031353
"H",0.8,-1.2,708.676716283227,-4751.4691031353
"I",1.8,-1.2,709.676716283227,-4751.4691031353
