"Location","xstd","ystd","x","y"
"A",-72,85,675432.108180098,79355.0546028204
"B",-70,-65,675434.108180098,79205.0546028204
"C",-64,5,675440.108180098,79275.0546028204
"D",-24,11,675480.108180098,79281.0546028204
"E",-14,-39,675490.108180098,79231.0546028204
"F",12,37,675516.108180098,79307.0546028204
"G",24,-23,675528.108180098,79247.0546028204
"H",54,-19,675558.108180098,79251.0546028204
"I",56,63,675560.108180098,79333.0546028204
